Job ID,Job URL,Job Title,Company Name,Status,Timestamp,WP ID
7735f9d33fad532c,https://to.linkedin.com/jobs/view/assistant-relationship-manager-at-anz-4437164201,Assistant Relationship Manager,,scraped,2026-07-07T01:26:54.365570,
577fdabf18b42420,https://to.linkedin.com/jobs/view/administration-and-finance-officer-at-australian-volunteers-international-4435296973,Administration and Finance Officer,Australian Volunteers International,posted,2026-07-07T01:27:15.527476,19
614fbbaef14ff867,https://to.linkedin.com/jobs/view/tonga-liahona-high-school-administrative-assistant-at-a-igreja-de-jesus-cristo-dos-santos-dos-%C3%BAltimos-dias-4435373673,TONGA : Liahona High School - Administrative Assistant,,scraped,2026-07-07T01:27:18.163512,
bf4c842912eedc10,https://to.linkedin.com/jobs/view/translator-tongan-english-%2495-hr-remote-at-crossing-hurdles-4432335831,Translator (Tongan - English) | $95/hr Remote,,scraped,2026-07-07T01:27:24.589582,
a23b111be1d2d4c7,https://to.linkedin.com/jobs/view/tonga-saineha-high-school-vice-principal-at-a-igreja-de-jesus-cristo-dos-santos-dos-%C3%BAltimos-dias-4435376652,TONGA : Saineha High School - Vice Principal,,scraped,2026-07-07T01:27:50.729323,
6b48627b3584c684,https://to.linkedin.com/jobs/view/teller-at-anz-4437133480,Teller,,scraped,2026-07-07T01:27:57.478904,
3420327d9ae7213b,https://to.linkedin.com/jobs/view/tongan-language-specialist-%2495-hr-remote-at-crossing-hurdles-4432328845,Tongan Language Specialist | $95/hr Remote,,scraped,2026-07-07T01:28:04.161000,
b87e7f3bae5e0c0b,https://to.linkedin.com/jobs/view/tonga-liahona-high-school-administrative-assistant-at-the-church-of-jesus-christ-of-latter-day-saints-4435219339,TONGA : Liahona High School - Administrative Assistant,The Church of Jesus Christ of Latter-day Saints,posted,2026-07-07T01:29:33.120338,21
b4e6b8c5e2def9c9,https://to.linkedin.com/jobs/view/tonga-saineha-high-school-vice-principal-at-the-church-of-jesus-christ-of-latter-day-saints-4435215432,TONGA : Saineha High School - Vice Principal,The Church of Jesus Christ of Latter-day Saints,posted,2026-07-07T01:29:52.024252,23
32675b01c3a8a371,https://to.linkedin.com/jobs/view/tonga-saineha-high-school-on-call-substitute-teacher-at-the-church-of-jesus-christ-of-latter-day-saints-4434694024,TONGA : SAINEHA HIGH SCHOOL - ON-CALL SUBSTITUTE TEACHER,The Church of Jesus Christ of Latter-day Saints,posted,2026-07-07T01:30:17.808689,25
202825a5b986b1f5,https://to.linkedin.com/jobs/view/central-banking-governance-adviser-tasp-at-dt-global-4437712885,Central Banking Governance Adviser - TASP,DT Global,posted,2026-07-07T12:17:18.815117,27
1431e2531c728826,https://to.linkedin.com/jobs/view/tonga-eua-middle-school-tongan-studies-teacher-at-the-church-of-jesus-christ-of-latter-day-saints-4426624794,TONGA : Eua Middle School - Tongan Studies Teacher,The Church of Jesus Christ of Latter-day Saints,posted,2026-07-08T06:45:52.569060,39
291d72ebf2c45850,https://to.linkedin.com/jobs/view/environmental-health-and-safety-ehs-advisor-at-transam-logistics-4430188258,Environmental Health and Safety (EHS) Advisor,,scraped,2026-07-09T18:27:00.457708,
266aa243e4e243d5,https://to.linkedin.com/jobs/view/translator-tongan-english-%2495-hr-remote-at-crossing-hurdles-4437954490,Translator (Tongan - English) | $95/hr Remote,Crossing Hurdles,posted,2026-07-10T10:41:46.510480,41
606943779aaa6bfc,https://to.linkedin.com/jobs/view/tongan-language-specialist-%2495-hr-remote-at-crossing-hurdles-4437967154,Tongan Language Specialist | $95/hr Remote,Crossing Hurdles,posted,2026-07-10T10:41:55.462087,43
7d6f5da1d1e7d003,https://to.linkedin.com/jobs/view/governance-support-specialist-at-dt-global-4439153162,Governance Support Specialist,DT Global,posted,2026-07-13T11:42:36.400533,45
eb9869a587122c66,https://to.linkedin.com/jobs/view/project-finance-and-administration-specialist-tonga-coastal-resilience-project-at-undp-careers-4440040355,Project Finance and Administration Specialist (Tonga Coastal Resilience Project),UNDP Careers,posted,2026-07-13T18:19:53.083297,47
4485e5c1207753b0,https://to.linkedin.com/jobs/view/request-for-tender-brace-construction-project-management-consulting-services-at-save-the-children-australia-4439493495,Request for Tender - BRACE Construction Project Management Consulting Services,,scraped,2026-07-14T07:23:50.071327,
094f20d35e9fdf39,https://to.linkedin.com/jobs/view/research-on-the-economic-cost-of-violence-against-women-in-tonga-at-dt-global-4439829497,Research on the Economic Cost of Violence Against Women in Tonga,DT Global,failed|wp_post_failed,2026-07-14T12:22:47.181703,
484f591c3f4222e9,https://to.linkedin.com/jobs/view/tonga-eua-middle-school-math-science-teacher-at-the-church-of-jesus-christ-of-latter-day-saints-4399632714,TONGA : EUA MIDDLE SCHOOL - MATH/SCIENCE TEACHER,The Church of Jesus Christ of Latter-day Saints,posted,2026-07-14T21:33:01.786029,49
